{
  "levels": {
    "1": {
      "n_problems": 64,
      "accuracy": 1.0,
      "n_correct": 64,
      "error_categories": {},
      "per_digit_accuracy": {
        "n_same_magnitude": 64,
        "n_digits": 2,
        "per_position_accuracy": [
          1.0,
          1.0
        ],
        "per_position_correct": [
          64,
          58
        ],
        "per_position_total": [
          64,
          58
        ]
      }
    },
    "2": {
      "n_problems": 4000,
      "accuracy": 0.99825,
      "n_correct": 3993,
      "error_categories": {
        "magnitude_error": 5,
        "close_arithmetic": 2
      },
      "per_digit_accuracy": {
        "n_same_magnitude": 3995,
        "n_digits": 3,
        "per_position_accuracy": [
          1.0,
          1.0,
          0.999407231772377
        ],
        "per_position_correct": [
          3995,
          3995,
          3372
        ],
        "per_position_total": [
          3995,
          3995,
          3374
        ]
      },
      "error_structure": {
        "n_wrong": 7,
        "mean_error": -594.8571428571429,
        "median_error": -840.0,
        "std_error": 372.77930221951067,
        "mean_abs_error": 594.8571428571429,
        "median_abs_error": 840.0,
        "mean_rel_error": 0.6964304068836908,
        "median_rel_error": 0.9929078014184397,
        "p95_rel_error": 0.9929078014184397,
        "even_frac": 1.0,
        "div10_frac": 0.5714285714285714,
        "div20_frac": 0.5714285714285714,
        "div100_frac": 0.0,
        "units_mismatch": 3,
        "units_complement": 3,
        "units_complement_frac": 1.0,
        "n_negative": 7,
        "n_positive": 0,
        "underestimate_frac": 1.0
      }
    },
    "3": {
      "n_problems": 10000,
      "accuracy": 0.672,
      "n_correct": 6720,
      "error_categories": {
        "close_arithmetic": 3015,
        "magnitude_error": 257,
        "large_arithmetic": 8
      },
      "per_digit_accuracy": {
        "n_same_magnitude": 9743,
        "n_digits": 4,
        "per_position_accuracy": [
          0.9915837011187519,
          0.9359540182695268,
          0.7168223339833727,
          0.8173869597801648
        ],
        "per_position_correct": [
          9661,
          9119,
          6984,
          6544
        ],
        "per_position_total": [
          9743,
          9743,
          9743,
          8006
        ]
      },
      "error_structure": {
        "n_wrong": 3280,
        "mean_error": -118.44176829268292,
        "median_error": -10.0,
        "std_error": 3639.685740122761,
        "mean_abs_error": 498.20823170731705,
        "median_abs_error": 16.0,
        "mean_rel_error": 0.10513739057073901,
        "median_rel_error": 0.004616094783812894,
        "p95_rel_error": 0.9756664775950081,
        "even_frac": 0.9375,
        "div10_frac": 0.4951219512195122,
        "div20_frac": 0.23414634146341465,
        "div100_frac": 0.004573170731707317,
        "units_mismatch": 1656,
        "units_complement": 788,
        "units_complement_frac": 0.4758454106280193,
        "n_negative": 2024,
        "n_positive": 1256,
        "underestimate_frac": 0.6170731707317073
      }
    },
    "4": {
      "n_problems": 10000,
      "accuracy": 0.2897,
      "n_correct": 2897,
      "error_categories": {
        "close_arithmetic": 6755,
        "magnitude_error": 348
      },
      "per_digit_accuracy": {
        "n_same_magnitude": 9652,
        "n_digits": 5,
        "per_position_accuracy": [
          0.9926440116038127,
          0.9259220886862827,
          0.5182345627849151,
          0.40074595938665564,
          0.8166332665330661
        ],
        "per_position_correct": [
          9581,
          8937,
          5002,
          3868,
          6520
        ],
        "per_position_total": [
          9652,
          9652,
          9652,
          9652,
          7984
        ]
      },
      "error_structure": {
        "n_wrong": 7103,
        "mean_error": 164.0826411375475,
        "median_error": -20.0,
        "std_error": 133538.5466403014,
        "mean_abs_error": 4374.717584119387,
        "median_abs_error": 60.0,
        "mean_rel_error": 0.3312557842401026,
        "median_rel_error": 0.0025799793601651187,
        "p95_rel_error": 0.014478198490424749,
        "even_frac": 0.9503026890046459,
        "div10_frac": 0.7004082781923131,
        "div20_frac": 0.5154160213994087,
        "div100_frac": 0.06447979726875967,
        "units_mismatch": 2128,
        "units_complement": 846,
        "units_complement_frac": 0.3975563909774436,
        "n_negative": 4003,
        "n_positive": 3100,
        "underestimate_frac": 0.5635646909756441
      }
    },
    "5": {
      "n_problems": 122223,
      "accuracy": 0.034338872388993885,
      "n_correct": 4197,
      "error_categories": {
        "magnitude_error": 19998,
        "close_arithmetic": 98001,
        "large_arithmetic": 27
      },
      "per_digit_accuracy": {
        "n_same_magnitude": 102225,
        "n_digits": 6,
        "per_position_accuracy": [
          0.991763267302519,
          0.9176424553680607,
          0.4429542675470775,
          0.12975299584250427,
          0.2928735632183908,
          0.8016619154485352
        ],
        "per_position_correct": [
          101383,
          93806,
          45281,
          13264,
          29939,
          66085
        ],
        "per_position_total": [
          102225,
          102225,
          102225,
          102225,
          102225,
          82435
        ]
      },
      "error_structure": {
        "n_wrong": 118026,
        "mean_error": 3155801011493.784,
        "median_error": -240.0,
        "std_error": 627313100343434.8,
        "mean_abs_error": 3155801163251.2627,
        "median_abs_error": 530.0,
        "mean_rel_error": 25945968.929665554,
        "median_rel_error": 0.002437541184891178,
        "p95_rel_error": 0.9990038183957575,
        "even_frac": 0.8945062952230864,
        "div10_frac": 0.6758341382407266,
        "div20_frac": 0.5361784691508651,
        "div100_frac": 0.11004354972633149,
        "units_mismatch": 38260,
        "units_complement": 13067,
        "units_complement_frac": 0.34153162571876633,
        "n_negative": 77684,
        "n_positive": 40342,
        "underestimate_frac": 0.6581939572636538
      }
    }
  }
}